{
  "pipeline_version": "1.0",
  "total_channels_processed": 5,
  "autoencoder_trained": true,
  "metrics_summary": {
    "avg_snr_improvement_classical": 10.068547018817911,
    "avg_snr_improvement_dl": 5.498622897423115,
    "avg_peak_precision_classical": 0.20567182817182816,
    "avg_peak_recall_classical": 0.9333333333333332,
    "avg_peak_precision_dl": 0.1738968745392894,
    "avg_peak_recall_dl": 0.9333333333333332
  }
}